<?xml version='1.0' encoding='UTF-8'?>
<?artifactRepository version='1.1.0'?>
<repository name='Bundle pool' type='org.eclipse.equinox.p2.artifact.repository.simpleRepository' version='1'>
  <properties size='2'>
    <property name='p2.system' value='true'/>
    <property name='p2.timestamp' value='1666879283058'/>
  </properties>
  <mappings size='3'>
    <rule filter='(&amp; (classifier=osgi.bundle))' output='${repoUrl}/plugins/${id}_${version}.jar'/>
    <rule filter='(&amp; (classifier=binary))' output='${repoUrl}/binary/${id}_${version}'/>
    <rule filter='(&amp; (classifier=org.eclipse.update.feature))' output='${repoUrl}/features/${id}_${version}.jar'/>
  </mappings>
  <artifacts size='61'>
    <artifact classifier='osgi.bundle' id='fr.lip6.pnml.framework.symmetricnet' version='2.2.17.v20221018-145406'>
      <properties size='1'>
        <property name='download.size' value='1536170'/>
      </properties>
    </artifact>
    <artifact classifier='osgi.bundle' id='fr.lip6.move.gal.itstools.binaries' version='1.0.0.202210271357'>
      <properties size='1'>
        <property name='download.size' value='45684828'/>
      </properties>
      <repositoryProperties size='1'>
        <property name='artifact.folder' value='true'/>
      </repositoryProperties>
    </artifact>
    <artifact classifier='osgi.bundle' id='fr.lip6.move.gal.ltsmin.binaries' version='1.0.0.202210271357'>
      <properties size='1'>
        <property name='download.size' value='5218698'/>
      </properties>
      <repositoryProperties size='1'>
        <property name='artifact.folder' value='true'/>
      </repositoryProperties>
    </artifact>
    <artifact classifier='osgi.bundle' id='org.antlr.runtime' version='3.2.0.v20220404-1927'>
      <properties size='1'>
        <property name='download.size' value='173993'/>
      </properties>
    </artifact>
    <artifact classifier='osgi.bundle' id='org.eclipse.emf.common' version='2.26.0.v20220817-1401'>
      <properties size='1'>
        <property name='download.size' value='378571'/>
      </properties>
    </artifact>
    <artifact classifier='osgi.bundle' id='fr.lip6.move.gal.structural' version='1.0.0.202210271357'>
      <properties size='1'>
        <property name='download.size' value='242908'/>
      </properties>
    </artifact>
    <artifact classifier='osgi.bundle' id='org.eclipse.xtext.xbase.lib' version='2.28.0.v20220829-0436'>
      <properties size='1'>
        <property name='download.size' value='166255'/>
      </properties>
    </artifact>
    <artifact classifier='osgi.bundle' id='fr.lip6.move.gal.struct2gal' version='1.0.0.202210271357'>
      <properties size='1'>
        <property name='download.size' value='17152'/>
      </properties>
    </artifact>
    <artifact classifier='osgi.bundle' id='org.eclipse.osgi' version='3.18.100.v20220817-1601'>
      <properties size='1'>
        <property name='download.size' value='1538990'/>
      </properties>
    </artifact>
    <artifact classifier='osgi.bundle' id='org.eclipse.equinox.launcher.cocoa.macosx.x86_64' version='1.2.600.v20220720-1916'>
      <properties size='1'>
        <property name='download.size' value='43630'/>
      </properties>
      <repositoryProperties size='1'>
        <property name='artifact.folder' value='true'/>
      </repositoryProperties>
    </artifact>
    <artifact classifier='osgi.bundle' id='org.eclipse.equinox.app' version='1.6.200.v20220720-2012'>
      <properties size='1'>
        <property name='download.size' value='93086'/>
      </properties>
    </artifact>
    <artifact classifier='osgi.bundle' id='fr.lip6.move.gal.pn2pins' version='1.0.0.202210271357'>
      <properties size='1'>
        <property name='download.size' value='24837'/>
      </properties>
    </artifact>
    <artifact classifier='osgi.bundle' id='org.apache.james.apache-mime4j-core' version='0.8.7'>
      <properties size='1'>
        <property name='download.size' value='109305'/>
      </properties>
    </artifact>
    <artifact classifier='osgi.bundle' id='org.eclipse.equinox.launcher' version='1.6.400.v20210924-0641'>
      <properties size='1'>
        <property name='download.size' value='53913'/>
      </properties>
    </artifact>
    <artifact classifier='osgi.bundle' id='org.osgi.service.prefs' version='1.1.2.202109301733'>
      <properties size='1'>
        <property name='download.size' value='20165'/>
      </properties>
    </artifact>
    <artifact classifier='osgi.bundle' id='jakarta.activation-api' version='1.2.1'>
      <properties size='1'>
        <property name='download.size' value='44399'/>
      </properties>
    </artifact>
    <artifact classifier='osgi.bundle' id='javax.activation' version='2.0.0.v20201118-1818'>
      <properties size='1'>
        <property name='download.size' value='82645'/>
      </properties>
    </artifact>
    <artifact classifier='osgi.bundle' id='org.apache.commons.logging' version='1.2.0.v20180409-1502'>
      <properties size='1'>
        <property name='download.size' value='73163'/>
      </properties>
    </artifact>
    <artifact classifier='osgi.bundle' id='org.eclipse.xtend.lib' version='2.28.0.v20220829-0436'>
      <properties size='1'>
        <property name='download.size' value='112545'/>
      </properties>
    </artifact>
    <artifact classifier='osgi.bundle' id='javax.inject' version='1.0.0.v20220405-0441'>
      <properties size='1'>
        <property name='download.size' value='33185'/>
      </properties>
    </artifact>
    <artifact classifier='osgi.bundle' id='fr.lip6.ltl.tgba' version='1.0.0.202210271357'>
      <properties size='1'>
        <property name='download.size' value='28662'/>
      </properties>
    </artifact>
    <artifact classifier='osgi.bundle' id='fr.lip6.move.gal.gal2pins' version='1.0.0.202210271357'>
      <properties size='1'>
        <property name='download.size' value='32013'/>
      </properties>
    </artifact>
    <artifact classifier='osgi.bundle' id='com.google.guava' version='30.1.0.v20210127-2300'>
      <properties size='1'>
        <property name='download.size' value='3034767'/>
      </properties>
    </artifact>
    <artifact classifier='osgi.bundle' id='fr.lip6.move.gal.logic' version='1.0.0.202210271357'>
      <properties size='1'>
        <property name='download.size' value='329302'/>
      </properties>
    </artifact>
    <artifact classifier='osgi.bundle' id='fr.lip6.pnml.framework.ptnet' version='2.2.17.v20221018-145406'>
      <properties size='1'>
        <property name='download.size' value='309913'/>
      </properties>
    </artifact>
    <artifact classifier='osgi.bundle' id='fr.lip6.move.gal.pnml.togal' version='1.0.0.202210271357'>
      <properties size='1'>
        <property name='download.size' value='62838'/>
      </properties>
    </artifact>
    <artifact classifier='osgi.bundle' id='fr.lip6.mist' version='1.0.0.202210271357'>
      <properties size='1'>
        <property name='download.size' value='169758'/>
      </properties>
    </artifact>
    <artifact classifier='osgi.bundle' id='org.eclipse.equinox.common' version='3.16.200.v20220817-1601'>
      <properties size='1'>
        <property name='download.size' value='149919'/>
      </properties>
    </artifact>
    <artifact classifier='osgi.bundle' id='fr.lip6.move.gal.louvain' version='1.0.0.202210271357'>
      <properties size='1'>
        <property name='download.size' value='9827'/>
      </properties>
    </artifact>
    <artifact classifier='osgi.bundle' id='org.apache.ws.commons.axiom.axiom-impl' version='1.3.0'>
      <properties size='1'>
        <property name='download.size' value='721844'/>
      </properties>
    </artifact>
    <artifact classifier='osgi.bundle' id='fr.lip6.move.gal.logic.saxparse' version='1.0.0.202210271357'>
      <properties size='1'>
        <property name='download.size' value='11630'/>
      </properties>
    </artifact>
    <artifact classifier='osgi.bundle' id='wrapped.com.thaiopensource.jing' version='20091111.0.0'>
      <properties size='1'>
        <property name='download.size' value='721584'/>
      </properties>
    </artifact>
    <artifact classifier='org.eclipse.update.feature' id='fr.lip6.move.gal.itscl.feature' version='1.0.0.202210271357'>
      <properties size='1'>
        <property name='download.size' value='6005'/>
      </properties>
      <repositoryProperties size='1'>
        <property name='artifact.folder' value='true'/>
      </repositoryProperties>
    </artifact>
    <artifact classifier='osgi.bundle' id='org.eclipse.xtext' version='2.28.0.v20220829-0438'>
      <properties size='1'>
        <property name='download.size' value='2750957'/>
      </properties>
    </artifact>
    <artifact classifier='osgi.bundle' id='fr.lip6.move.gal.nupn' version='1.0.0.202210271357'>
      <properties size='1'>
        <property name='download.size' value='9354'/>
      </properties>
    </artifact>
    <artifact classifier='osgi.bundle' id='fr.lip6.move.gal.itscl.application' version='1.0.0.202210271357'>
      <properties size='1'>
        <property name='download.size' value='7965'/>
      </properties>
    </artifact>
    <artifact classifier='osgi.bundle' id='org.eclipse.core.contenttype' version='3.8.200.v20220817-1539'>
      <properties size='1'>
        <property name='download.size' value='104269'/>
      </properties>
    </artifact>
    <artifact classifier='osgi.bundle' id='org.eclipse.xtend.lib.macro' version='2.28.0.v20220829-0436'>
      <properties size='1'>
        <property name='download.size' value='79739'/>
      </properties>
    </artifact>
    <artifact classifier='osgi.bundle' id='org.eclipse.emf.ecore' version='2.28.0.v20220817-1401'>
      <properties size='1'>
        <property name='download.size' value='1325325'/>
      </properties>
    </artifact>
    <artifact classifier='osgi.bundle' id='org.eclipse.equinox.preferences' version='3.10.100.v20220710-1223'>
      <properties size='1'>
        <property name='download.size' value='138992'/>
      </properties>
    </artifact>
    <artifact classifier='osgi.bundle' id='org.eclipse.xtext.util' version='2.28.0.v20220829-0438'>
      <properties size='1'>
        <property name='download.size' value='315193'/>
      </properties>
    </artifact>
    <artifact classifier='osgi.bundle' id='org.eclipse.core.runtime' version='3.26.0.v20220813-0916'>
      <properties size='1'>
        <property name='download.size' value='76120'/>
      </properties>
    </artifact>
    <artifact classifier='osgi.bundle' id='fr.lip6.move.gal' version='1.0.0.202210271357'>
      <properties size='1'>
        <property name='download.size' value='953080'/>
      </properties>
    </artifact>
    <artifact classifier='osgi.bundle' id='fr.lip6.ltl.jhoaf' version='1.0.0.202210271357'>
      <properties size='1'>
        <property name='download.size' value='155255'/>
      </properties>
    </artifact>
    <artifact classifier='osgi.bundle' id='com.google.inject' version='5.0.1.v20210324-2015'>
      <properties size='1'>
        <property name='download.size' value='822072'/>
      </properties>
    </artifact>
    <artifact classifier='osgi.bundle' id='lip6.smtlib.SMT' version='1.0.0.202210271357'>
      <properties size='1'>
        <property name='download.size' value='423898'/>
      </properties>
    </artifact>
    <artifact classifier='osgi.bundle' id='fr.lip6.move.gal.pnml.saxparse' version='1.0.0.202210271357'>
      <properties size='1'>
        <property name='download.size' value='11042'/>
      </properties>
    </artifact>
    <artifact classifier='osgi.bundle' id='org.antlr.runtime' version='4.7.2.v20200218-0804'>
      <properties size='1'>
        <property name='download.size' value='362799'/>
      </properties>
    </artifact>
    <artifact classifier='osgi.bundle' id='org.logicng' version='1.0.0.202210271357'>
      <properties size='1'>
        <property name='download.size' value='699286'/>
      </properties>
    </artifact>
    <artifact classifier='osgi.bundle' id='org.eclipse.core.jobs' version='3.13.100.v20220817-1539'>
      <properties size='1'>
        <property name='download.size' value='112440'/>
      </properties>
    </artifact>
    <artifact classifier='osgi.bundle' id='org.apache.log4j' version='1.2.19.v20220208-1728'>
      <properties size='1'>
        <property name='download.size' value='367021'/>
      </properties>
    </artifact>
    <artifact classifier='osgi.bundle' id='fr.lip6.move.gal.process' version='1.0.0.202210271357'>
      <properties size='1'>
        <property name='download.size' value='9435'/>
      </properties>
    </artifact>
    <artifact classifier='osgi.bundle' id='org.eclipse.emf.ecore.xmi' version='2.17.0.v20220817-1334'>
      <properties size='1'>
        <property name='download.size' value='238259'/>
      </properties>
    </artifact>
    <artifact classifier='osgi.bundle' id='fr.lip6.move.gal.application.pnmcc' version='1.0.0.202210271357'>
      <properties size='1'>
        <property name='download.size' value='207163'/>
      </properties>
    </artifact>
    <artifact classifier='osgi.bundle' id='org.eclipse.equinox.registry' version='3.11.200.v20220817-1601'>
      <properties size='1'>
        <property name='download.size' value='200915'/>
      </properties>
    </artifact>
    <artifact classifier='osgi.bundle' id='fr.lip6.move.gal.cegar' version='1.0.0.202210271357'>
      <properties size='1'>
        <property name='download.size' value='40186'/>
      </properties>
    </artifact>
    <artifact classifier='osgi.bundle' id='fr.lip6.pnml.framework.utils' version='2.2.17.v20221018-145406'>
      <properties size='1'>
        <property name='download.size' value='55448'/>
      </properties>
    </artifact>
    <artifact classifier='osgi.bundle' id='org.aopalliance' version='1.0.0.v20220404-1927'>
      <properties size='1'>
        <property name='download.size' value='14506'/>
      </properties>
    </artifact>
    <artifact classifier='osgi.bundle' id='fr.lip6.move.gal.gal2smt' version='1.0.0.202210271357'>
      <properties size='1'>
        <property name='download.size' value='104243'/>
      </properties>
    </artifact>
    <artifact classifier='osgi.bundle' id='org.apache.ws.commons.axiom.axiom-api' version='1.3.0'>
      <properties size='1'>
        <property name='download.size' value='311671'/>
      </properties>
    </artifact>
    <artifact classifier='osgi.bundle' id='fr.lip6.move.gal.louvain.binaries' version='1.0.0.202210271357'>
      <properties size='1'>
        <property name='download.size' value='2808978'/>
      </properties>
      <repositoryProperties size='1'>
        <property name='artifact.folder' value='true'/>
      </repositoryProperties>
    </artifact>
  </artifacts>
</repository>
