<?xml version='1.0' encoding='UTF-8'?>
<?artifactRepository version='1.1.0'?>
<repository name='Bundle pool' type='org.eclipse.equinox.p2.artifact.repository.simpleRepository' version='1'>
  <properties size='2'>
    <property name='p2.system' value='true'/>
    <property name='p2.timestamp' value='1716384791909'/>
  </properties>
  <mappings size='3'>
    <rule filter='(&amp; (classifier=osgi.bundle))' output='${repoUrl}/plugins/${id}_${version}.jar'/>
    <rule filter='(&amp; (classifier=binary))' output='${repoUrl}/binary/${id}_${version}'/>
    <rule filter='(&amp; (classifier=org.eclipse.update.feature))' output='${repoUrl}/features/${id}_${version}.jar'/>
  </mappings>
  <artifacts size='65'>
    <artifact classifier='osgi.bundle' id='fr.lip6.move.gal.gal2smt' version='1.0.0.202405221330'>
      <properties size='1'>
        <property name='download.size' value='157108'/>
      </properties>
    </artifact>
    <artifact classifier='osgi.bundle' id='javax.activation' version='1.2.2.v20221203-1659'>
      <properties size='1'>
        <property name='download.size' value='87125'/>
      </properties>
    </artifact>
    <artifact classifier='osgi.bundle' id='fr.lip6.move.gal' version='1.0.0.202405221330'>
      <properties size='1'>
        <property name='download.size' value='955462'/>
      </properties>
    </artifact>
    <artifact classifier='osgi.bundle' id='fr.lip6.move.gal.logic.saxparse' version='1.0.0.202405221330'>
      <properties size='1'>
        <property name='download.size' value='11357'/>
      </properties>
    </artifact>
    <artifact classifier='osgi.bundle' id='fr.lip6.move.gal.itscl.application' version='1.0.0.202405221330'>
      <properties size='1'>
        <property name='download.size' value='7439'/>
      </properties>
    </artifact>
    <artifact classifier='osgi.bundle' id='fr.lip6.move.gal.process' version='1.0.0.202405221330'>
      <properties size='1'>
        <property name='download.size' value='9808'/>
      </properties>
    </artifact>
    <artifact classifier='osgi.bundle' id='com.google.guava' version='32.1.3.jre'>
      <properties size='1'>
        <property name='download.size' value='3043932'/>
      </properties>
    </artifact>
    <artifact classifier='osgi.bundle' id='fr.lip6.pnml.framework.utils' version='2.2.17.v20240312-152203'>
      <properties size='1'>
        <property name='download.size' value='55467'/>
      </properties>
    </artifact>
    <artifact classifier='osgi.bundle' id='org.eclipse.xtext.util' version='2.33.0.v20231121-0955'>
      <properties size='1'>
        <property name='download.size' value='319879'/>
      </properties>
    </artifact>
    <artifact classifier='osgi.bundle' id='org.apache.ws.commons.axiom.axiom-dom' version='1.3.0'>
      <properties size='1'>
        <property name='download.size' value='872744'/>
      </properties>
    </artifact>
    <artifact classifier='osgi.bundle' id='org.eclipse.equinox.common' version='3.18.200.v20231106-1826'>
      <properties size='1'>
        <property name='download.size' value='154417'/>
      </properties>
    </artifact>
    <artifact classifier='osgi.bundle' id='fr.lip6.move.gal.pnml.togal' version='1.0.0.202405221330'>
      <properties size='1'>
        <property name='download.size' value='62979'/>
      </properties>
    </artifact>
    <artifact classifier='osgi.bundle' id='fr.lip6.pnml.framework.symmetricnet' version='2.2.17.v20240312-152203'>
      <properties size='1'>
        <property name='download.size' value='1536178'/>
      </properties>
    </artifact>
    <artifact classifier='osgi.bundle' id='org.apache.james.apache-mime4j-core' version='0.8.7'>
      <properties size='1'>
        <property name='download.size' value='109305'/>
      </properties>
    </artifact>
    <artifact classifier='osgi.bundle' id='org.osgi.service.prefs' version='1.1.2.202109301733'>
      <properties size='1'>
        <property name='download.size' value='20165'/>
      </properties>
    </artifact>
    <artifact classifier='osgi.bundle' id='org.aopalliance' version='1.0.0.v20230720-0728'>
      <properties size='1'>
        <property name='download.size' value='12993'/>
      </properties>
    </artifact>
    <artifact classifier='osgi.bundle' id='fr.lip6.move.gal.louvain' version='1.0.0.202405221330'>
      <properties size='1'>
        <property name='download.size' value='9498'/>
      </properties>
    </artifact>
    <artifact classifier='osgi.bundle' id='org.eclipse.equinox.launcher.cocoa.macosx.x86_64' version='1.2.800.v20231003-1442'>
      <properties size='1'>
        <property name='download.size' value='42387'/>
      </properties>
      <repositoryProperties size='1'>
        <property name='artifact.folder' value='true'/>
      </repositoryProperties>
    </artifact>
    <artifact classifier='osgi.bundle' id='org.apache.commons.logging' version='1.2.0.v20180409-1502'>
      <properties size='1'>
        <property name='download.size' value='73163'/>
      </properties>
    </artifact>
    <artifact classifier='osgi.bundle' id='fr.lip6.move.gal.cegar' version='1.0.0.202405221330'>
      <properties size='1'>
        <property name='download.size' value='40936'/>
      </properties>
    </artifact>
    <artifact classifier='osgi.bundle' id='com.google.guava.failureaccess' version='1.0.2'>
      <properties size='1'>
        <property name='download.size' value='4740'/>
      </properties>
    </artifact>
    <artifact classifier='osgi.bundle' id='org.eclipse.equinox.app' version='1.6.400.v20231103-0807'>
      <properties size='1'>
        <property name='download.size' value='94153'/>
      </properties>
    </artifact>
    <artifact classifier='osgi.bundle' id='org.eclipse.emf.ecore' version='2.35.0.v20230829-0934'>
      <properties size='1'>
        <property name='download.size' value='1352942'/>
      </properties>
    </artifact>
    <artifact classifier='osgi.bundle' id='org.eclipse.core.runtime' version='3.30.0.v20231102-0719'>
      <properties size='1'>
        <property name='download.size' value='81062'/>
      </properties>
    </artifact>
    <artifact classifier='osgi.bundle' id='fr.lip6.move.gal.louvain.binaries' version='1.0.0.202405221330'>
      <properties size='1'>
        <property name='download.size' value='2847112'/>
      </properties>
      <repositoryProperties size='1'>
        <property name='artifact.folder' value='true'/>
      </repositoryProperties>
    </artifact>
    <artifact classifier='osgi.bundle' id='org.apache.ws.commons.axiom.axiom-impl' version='1.3.0'>
      <properties size='1'>
        <property name='download.size' value='721844'/>
      </properties>
    </artifact>
    <artifact classifier='osgi.bundle' id='lip6.smtlib.SMT' version='1.0.0.202405221330'>
      <properties size='1'>
        <property name='download.size' value='433682'/>
      </properties>
    </artifact>
    <artifact classifier='osgi.bundle' id='wrapped.com.thaiopensource.jing' version='20091111.0.0'>
      <properties size='1'>
        <property name='download.size' value='721584'/>
      </properties>
    </artifact>
    <artifact classifier='osgi.bundle' id='fr.lip6.move.gal.pn2pins' version='1.0.0.202405221330'>
      <properties size='1'>
        <property name='download.size' value='20292'/>
      </properties>
    </artifact>
    <artifact classifier='osgi.bundle' id='fr.lip6.move.gal.ltsmin.binaries' version='1.0.0.202405221330'>
      <properties size='1'>
        <property name='download.size' value='5523022'/>
      </properties>
      <repositoryProperties size='1'>
        <property name='artifact.folder' value='true'/>
      </repositoryProperties>
    </artifact>
    <artifact classifier='osgi.bundle' id='fr.lip6.pnml.framework.ptnet' version='2.2.17.v20240312-152203'>
      <properties size='1'>
        <property name='download.size' value='309920'/>
      </properties>
    </artifact>
    <artifact classifier='osgi.bundle' id='jakarta.inject.jakarta.inject-api' version='2.0.1'>
      <properties size='1'>
        <property name='download.size' value='10681'/>
      </properties>
    </artifact>
    <artifact classifier='osgi.bundle' id='java.picocli' version='1.0.0.202405221330'>
      <properties size='1'>
        <property name='download.size' value='409099'/>
      </properties>
    </artifact>
    <artifact classifier='osgi.bundle' id='org.eclipse.equinox.launcher' version='1.6.600.v20231106-1826'>
      <properties size='1'>
        <property name='download.size' value='55881'/>
      </properties>
    </artifact>
    <artifact classifier='osgi.bundle' id='fr.lip6.move.gal.itstools.binaries' version='1.0.0.202405221330'>
      <properties size='1'>
        <property name='download.size' value='46546526'/>
      </properties>
      <repositoryProperties size='1'>
        <property name='artifact.folder' value='true'/>
      </repositoryProperties>
    </artifact>
    <artifact classifier='osgi.bundle' id='fr.lip6.smt.z3.binaries' version='1.0.0.202405221330'>
      <properties size='1'>
        <property name='download.size' value='13566603'/>
      </properties>
      <repositoryProperties size='1'>
        <property name='artifact.folder' value='true'/>
      </repositoryProperties>
    </artifact>
    <artifact classifier='osgi.bundle' id='org.antlr.runtime' version='3.2.0.v20230929-1400'>
      <properties size='1'>
        <property name='download.size' value='171403'/>
      </properties>
    </artifact>
    <artifact classifier='osgi.bundle' id='org.eclipse.emf.ecore.xmi' version='2.36.0.v20231002-1156'>
      <properties size='1'>
        <property name='download.size' value='244252'/>
      </properties>
    </artifact>
    <artifact classifier='osgi.bundle' id='org.eclipse.core.contenttype' version='3.9.200.v20230914-0751'>
      <properties size='1'>
        <property name='download.size' value='104967'/>
      </properties>
    </artifact>
    <artifact classifier='osgi.bundle' id='fr.lip6.move.gal.application.pnmcc' version='1.0.0.202405221330'>
      <properties size='1'>
        <property name='download.size' value='264919'/>
      </properties>
    </artifact>
    <artifact classifier='osgi.bundle' id='org.apache.log4j' version='1.2.25'>
      <properties size='1'>
        <property name='download.size' value='333325'/>
      </properties>
    </artifact>
    <artifact classifier='osgi.bundle' id='fr.lip6.move.gal.struct2gal' version='1.0.0.202405221330'>
      <properties size='1'>
        <property name='download.size' value='16973'/>
      </properties>
    </artifact>
    <artifact classifier='osgi.bundle' id='fr.lip6.ltl.spot.binaries' version='1.0.0.202405221330'>
      <properties size='1'>
        <property name='download.size' value='7779505'/>
      </properties>
      <repositoryProperties size='1'>
        <property name='artifact.folder' value='true'/>
      </repositoryProperties>
    </artifact>
    <artifact classifier='osgi.bundle' id='fr.lip6.move.gal.structural' version='1.0.0.202405221330'>
      <properties size='1'>
        <property name='download.size' value='300439'/>
      </properties>
    </artifact>
    <artifact classifier='osgi.bundle' id='org.eclipse.osgi' version='3.18.600.v20231110-1900'>
      <properties size='1'>
        <property name='download.size' value='1541681'/>
      </properties>
    </artifact>
    <artifact classifier='osgi.bundle' id='org.eclipse.xtext.xbase.lib' version='2.33.0.v20231121-0955'>
      <properties size='1'>
        <property name='download.size' value='167059'/>
      </properties>
    </artifact>
    <artifact classifier='osgi.bundle' id='org.logicng' version='1.0.0.202405221330'>
      <properties size='1'>
        <property name='download.size' value='756496'/>
      </properties>
    </artifact>
    <artifact classifier='osgi.bundle' id='org.eclipse.equinox.registry' version='3.11.400.v20231102-2218'>
      <properties size='1'>
        <property name='download.size' value='203743'/>
      </properties>
    </artifact>
    <artifact classifier='osgi.bundle' id='fr.lip6.move.gal.pnml.saxparse' version='1.0.0.202405221330'>
      <properties size='1'>
        <property name='download.size' value='10899'/>
      </properties>
    </artifact>
    <artifact classifier='osgi.bundle' id='com.google.inject' version='7.0.0'>
      <properties size='1'>
        <property name='download.size' value='801785'/>
      </properties>
    </artifact>
    <artifact classifier='osgi.bundle' id='fr.lip6.move.gal.logic' version='1.0.0.202405221330'>
      <properties size='1'>
        <property name='download.size' value='328121'/>
      </properties>
    </artifact>
    <artifact classifier='osgi.bundle' id='org.eclipse.equinox.preferences' version='3.10.400.v20231102-2218'>
      <properties size='1'>
        <property name='download.size' value='140422'/>
      </properties>
    </artifact>
    <artifact classifier='osgi.bundle' id='fr.lip6.move.gal.gal2pins' version='1.0.0.202405221330'>
      <properties size='1'>
        <property name='download.size' value='32064'/>
      </properties>
    </artifact>
    <artifact classifier='osgi.bundle' id='org.eclipse.xtext' version='2.33.0.v20231121-0955'>
      <properties size='1'>
        <property name='download.size' value='2761728'/>
      </properties>
    </artifact>
    <artifact classifier='osgi.bundle' id='fr.lip6.move.gal.nupn' version='1.0.0.202405221330'>
      <properties size='1'>
        <property name='download.size' value='9526'/>
      </properties>
    </artifact>
    <artifact classifier='osgi.bundle' id='fr.lip6.ltl.jhoaf' version='1.0.0.202405221330'>
      <properties size='1'>
        <property name='download.size' value='158818'/>
      </properties>
    </artifact>
    <artifact classifier='osgi.bundle' id='org.eclipse.emf.common' version='2.29.0.v20230916-0637'>
      <properties size='1'>
        <property name='download.size' value='387431'/>
      </properties>
    </artifact>
    <artifact classifier='osgi.bundle' id='org.eclipse.xtend.lib' version='2.33.0.v20231121-0955'>
      <properties size='1'>
        <property name='download.size' value='135085'/>
      </properties>
    </artifact>
    <artifact classifier='osgi.bundle' id='org.eclipse.core.jobs' version='3.15.100.v20230930-1207'>
      <properties size='1'>
        <property name='download.size' value='118179'/>
      </properties>
    </artifact>
    <artifact classifier='osgi.bundle' id='org.eclipse.xtend.lib.macro' version='2.33.0.v20231121-0955'>
      <properties size='1'>
        <property name='download.size' value='82122'/>
      </properties>
    </artifact>
    <artifact classifier='osgi.bundle' id='fr.lip6.ltl.tgba' version='1.0.0.202405221330'>
      <properties size='1'>
        <property name='download.size' value='30279'/>
      </properties>
    </artifact>
    <artifact classifier='osgi.bundle' id='org.antlr.antlr4-runtime' version='4.13.1'>
      <properties size='1'>
        <property name='download.size' value='326305'/>
      </properties>
    </artifact>
    <artifact classifier='osgi.bundle' id='fr.lip6.mist' version='1.0.0.202405221330'>
      <properties size='1'>
        <property name='download.size' value='201536'/>
      </properties>
    </artifact>
    <artifact classifier='org.eclipse.update.feature' id='fr.lip6.move.gal.itscl.feature' version='1.0.0.202405221330'>
      <properties size='1'>
        <property name='download.size' value='6005'/>
      </properties>
      <repositoryProperties size='1'>
        <property name='artifact.folder' value='true'/>
      </repositoryProperties>
    </artifact>
    <artifact classifier='osgi.bundle' id='org.apache.ws.commons.axiom.axiom-api' version='1.3.0'>
      <properties size='1'>
        <property name='download.size' value='311671'/>
      </properties>
    </artifact>
  </artifacts>
</repository>
